OrderID,CustomerID,ManagerID,Quantity,Price,Freight,OrderDate,ShippedDate
1,PX60,man88,49,34.42,14.18,2020-09-13,2020-11-01
2,TB21,man91,54,92.51,22.72,2020-09-12,2020-10-27
3,TH11,man49,63,35.04,14.6,2020-09-20,2020-11-01
4,VG25,man84,86,67.51,27.53,2020-08-30,2020-10-30
5,GE67,man84,28,45.83,20.93,2020-09-15,2020-11-07
6,LY60,man38,25,69.06,24.45,2020-10-06,2020-11-06
7,TQ13,man91,28,87.27,17.06,2020-09-05,2020-10-23
8,VC63,man82,21,26.8,28.88,2020-08-16,2020-11-12
9,SB33,man64,56,55.17,21.26,2020-09-13,2020-10-19
10,WW61,man79,53,29.65,13.86,2020-09-18,2020-10-24
11,OR78,man89,22,68.49,28.98,2020-09-10,2020-10-13
12,JM05,man29,70,58.49,11.68,2020-09-11,2020-10-30
13,GU07,man31,83,53.68,27.75,2020-09-27,2020-10-18
14,SW62,man57,36,88.31,10.86,2020-10-03,2020-11-12
15,MN22,man34,19,46.73,19.8,2020-08-15,2020-10-26
16,HS02,man93,23,65.67,15.93,2020-09-30,2020-10-19
17,YP39,man09,86,84.62,11.94,2020-09-04,2020-11-04
18,IM26,man21,98,45.61,25.95,2020-09-10,2020-10-17
19,SA24,man73,16,37.7,12.91,2020-08-31,2020-11-12
20,PL50,man87,25,55.97,20.33,2020-08-15,2020-10-28
21,MH35,man44,3,95.93,12.32,2020-10-09,2020-11-12
22,OF92,man41,89,60.37,23.41,2020-08-14,2020-10-15
23,GD53,man44,86,36.94,20.81,2020-09-30,2020-11-02
24,UC73,man71,100,31.04,29.65,2020-09-27,2020-11-07
25,TD94,man65,64,88.73,16.34,2020-09-13,2020-10-20
26,FD77,man30,75,88.99,14.93,2020-09-03,2020-11-10
27,YJ92,man69,70,22.93,27.1,2020-09-25,2020-10-19
28,XO38,man10,48,78.88,11.8,2020-09-27,2020-10-13
29,MZ59,man09,12,31.24,13.85,2020-09-16,2020-11-11
30,RL85,man15,86,59.54,11.04,2020-09-17,2020-11-04
31,MO60,man61,11,71.53,23.76,2020-09-29,2020-10-26
32,CK11,man31,13,31.16,11.69,2020-10-09,2020-11-10
33,YU42,man38,71,80.49,28.64,2020-09-27,2020-10-25
34,HS90,man87,67,85.86,24.24,2020-08-30,2020-10-30
35,JP81,man40,96,47.46,21.55,2020-08-18,2020-10-18
36,LF75,man84,10,86.34,21.73,2020-09-21,2020-11-06
37,XJ13,man68,65,40.78,17.07,2020-09-13,2020-10-17
38,VW35,man00,46,36.61,20.51,2020-08-27,2020-10-30
39,NX60,man22,20,83.67,27.81,2020-10-09,2020-10-25
40,DB63,man91,7,71.02,14.18,2020-10-08,2020-11-01
41,BI74,man25,77,52.97,18.77,2020-10-02,2020-11-04
42,JB90,man50,89,80.44,18.36,2020-08-28,2020-10-16
43,ZW46,man79,30,20.14,21.86,2020-08-14,2020-11-03
44,JV94,man01,30,53.79,11.57,2020-08-26,2020-10-15
45,XZ43,man30,10,60.22,16.8,2020-09-18,2020-11-04
46,TS39,man40,91,72.84,12.05,2020-08-23,2020-10-26
47,UR33,man23,3,92.27,15.97,2020-09-25,2020-11-09
48,JD02,man76,24,53.42,14.34,2020-10-07,2020-11-03
49,FA87,man39,62,22.44,27.67,2020-08-20,2020-10-14
50,RL15,man99,21,22.64,22.85,2020-10-05,2020-11-01
51,NH37,man43,67,20.44,11.53,2020-09-23,2020-10-22
52,UR68,man02,53,32.31,10.69,2020-09-14,2020-10-21
53,AL36,man05,25,78.67,11.63,2020-09-16,2020-11-01
54,UZ85,man77,29,99.42,11.31,2020-09-02,2020-10-22
55,YE18,man68,97,40.88,19.64,2020-09-07,2020-11-10
56,UG64,man22,55,22.98,29.55,2020-09-19,2020-10-25
57,EG75,man40,10,30.52,15.88,2020-09-03,2020-11-10
58,UL69,man52,90,61.74,12.61,2020-10-08,2020-11-08
59,IV88,man98,2,29.78,14.85,2020-09-27,2020-10-21
60,TS47,man10,87,57.11,24.92,2020-10-11,2020-10-19
61,AP70,man32,95,27.28,17.9,2020-09-05,2020-11-12
62,ZI83,man36,24,54.89,26.35,2020-08-15,2020-10-23
63,OO00,man92,59,24.99,20.61,2020-08-14,2020-10-18
64,IT42,man79,84,52.16,29.95,2020-09-14,2020-10-29
65,BW32,man18,37,89.42,15.86,2020-09-11,2020-10-13
66,AL55,man62,41,95.82,16.44,2020-09-26,2020-11-08
67,XM57,man72,29,26.44,13.45,2020-08-22,2020-11-12
68,DS88,man88,64,45.52,10.17,2020-08-26,2020-11-10
69,LT79,man89,42,46.66,29.31,2020-08-25,2020-11-02
70,TG94,man82,4,46.33,18.19,2020-09-29,2020-11-06
71,AA27,man65,64,31.87,18.06,2020-09-02,2020-10-19
72,VM13,man60,34,42.7,23.17,2020-08-31,2020-10-31
73,DT85,man96,77,30.02,17.51,2020-08-25,2020-10-24
74,VT04,man65,5,95.83,11.6,2020-09-10,2020-10-15
75,TR88,man86,5,44.51,10.77,2020-09-04,2020-10-18
76,QP99,man80,29,92.57,13.68,2020-09-01,2020-10-15
77,UL15,man76,50,90.75,15.28,2020-08-19,2020-11-02
78,KJ13,man31,7,48.56,17.18,2020-09-19,2020-10-18
79,OU84,man91,74,77.99,23.68,2020-10-05,2020-10-27
80,BF99,man24,4,89.49,14.36,2020-10-05,2020-11-01
81,YI77,man11,32,37.92,26.03,2020-09-10,2020-11-08
82,FJ11,man66,73,46.46,25.19,2020-08-16,2020-10-24
83,SF98,man73,80,31.84,23.37,2020-09-02,2020-10-29
84,TG01,man96,35,86.16,19.63,2020-09-01,2020-10-28
85,JG65,man71,59,41.0,15.08,2020-09-25,2020-11-06
86,UJ71,man83,82,41.11,25.44,2020-10-06,2020-11-01
87,VE72,man00,7,31.93,13.78,2020-08-14,2020-11-07
88,UF69,man78,92,90.33,22.74,2020-09-16,2020-10-21
89,BO24,man78,72,66.06,10.58,2020-09-15,2020-10-17
90,XI14,man42,52,20.37,21.9,2020-09-25,2020-10-15
91,PC26,man45,51,73.71,21.53,2020-09-12,2020-10-19
92,VQ18,man14,53,63.7,17.11,2020-09-09,2020-10-18
93,NK10,man48,99,64.63,15.27,2020-08-26,2020-11-07
94,JJ19,man70,87,98.97,21.97,2020-10-01,2020-11-02
95,GM06,man47,5,71.32,17.39,2020-09-21,2020-11-09
96,AA45,man06,70,60.71,12.43,2020-09-02,2020-10-17
97,DX58,man37,79,96.33,10.86,2020-10-03,2020-10-17
98,OW13,man65,44,60.05,10.15,2020-08-23,2020-10-19
99,PJ44,man15,83,90.46,25.57,2020-08-17,2020-11-12
100,BA35,man12,14,72.23,14.13,2020-08-21,2020-11-06
101,PM85,man18,68,65.78,25.88,2020-08-30,2020-10-21
102,DN76,man91,37,82.3,12.27,2020-08-28,2020-11-04
103,CN21,man26,93,92.54,18.99,2020-09-11,2020-10-20
104,WQ73,man28,56,87.26,17.72,2020-08-19,2020-11-09
105,EM26,man12,46,79.63,28.85,2020-09-12,2020-11-09
106,MX20,man03,40,39.05,20.05,2020-10-05,2020-10-14
107,PN83,man07,8,57.26,12.1,2020-09-06,2020-10-26
108,LP24,man76,36,72.92,26.78,2020-10-11,2020-10-26
109,GA44,man34,74,58.76,20.21,2020-09-05,2020-10-18
110,BY57,man08,73,95.36,23.22,2020-10-07,2020-10-23
111,HM02,man72,43,97.45,28.31,2020-10-09,2020-10-14
112,ML81,man26,82,52.61,18.73,2020-10-08,2020-11-12
113,YV83,man85,51,71.3,12.17,2020-10-04,2020-10-15
114,VD94,man71,9,51.79,28.74,2020-08-21,2020-10-13
115,ZW92,man16,37,74.8,20.71,2020-09-21,2020-11-02
116,XF22,man51,83,44.52,11.29,2020-09-07,2020-10-31
117,GR10,man44,46,91.13,14.42,2020-09-16,2020-10-27
118,FS46,man97,60,35.23,23.96,2020-09-02,2020-10-26
119,IK78,man19,96,83.27,17.27,2020-09-15,2020-10-22
120,QO07,man49,59,60.05,20.93,2020-08-21,2020-10-30
121,LP40,man85,54,80.48,24.68,2020-09-11,2020-10-26
122,AW92,man92,54,65.31,29.72,2020-08-29,2020-11-04
123,RR67,man40,93,58.6,18.41,2020-08-19,2020-11-02
124,QF72,man81,50,87.19,16.78,2020-08-18,2020-10-22
125,DX21,man58,42,97.44,24.03,2020-09-20,2020-10-29
126,DT22,man31,33,68.38,24.71,2020-08-30,2020-10-29
127,VA35,man58,73,69.88,11.49,2020-09-08,2020-10-31
128,KC19,man63,18,73.51,26.85,2020-08-31,2020-11-03
129,TM51,man83,43,46.44,23.12,2020-08-25,2020-10-28
130,CJ50,man49,23,32.92,15.1,2020-09-27,2020-10-31
131,AU20,man72,61,34.46,28.55,2020-08-19,2020-11-07
132,JO15,man78,38,35.58,25.74,2020-09-11,2020-10-13
133,DN02,man42,59,21.91,28.97,2020-09-06,2020-10-15
134,UY54,man05,27,34.58,10.07,2020-08-18,2020-10-29
135,DP78,man24,30,35.23,28.2,2020-09-24,2020-11-05
136,BA70,man13,91,78.51,27.66,2020-10-10,2020-11-04
137,ZN39,man28,36,66.96,10.87,2020-10-08,2020-10-21
138,YX87,man25,66,26.7,18.41,2020-09-19,2020-11-05
139,DV73,man46,77,50.52,21.9,2020-10-07,2020-10-22
140,UA42,man83,87,70.23,17.12,2020-10-03,2020-10-28
141,YZ43,man70,80,49.89,21.58,2020-08-24,2020-11-12
142,KQ57,man00,28,25.34,13.58,2020-09-02,2020-10-19
143,VO14,man48,25,53.73,11.54,2020-08-26,2020-11-01
144,SY77,man94,4,43.14,29.45,2020-09-29,2020-10-18
145,IN97,man23,47,79.43,20.96,2020-10-07,2020-10-15
146,ID88,man59,49,61.54,13.89,2020-09-03,2020-10-30
147,IW86,man82,43,73.89,21.89,2020-10-10,2020-10-19
148,ML00,man08,15,23.6,16.27,2020-08-27,2020-10-30
149,WG04,man25,59,21.46,29.28,2020-09-02,2020-11-04
150,WH58,man87,74,96.4,25.65,2020-08-14,2020-10-14
151,UX72,man90,23,44.1,26.77,2020-09-25,2020-11-04
152,GD00,man49,89,22.92,13.01,2020-10-02,2020-10-23
153,OI74,man13,49,32.82,25.1,2020-10-04,2020-11-01
154,HF55,man99,90,30.63,19.14,2020-09-20,2020-11-02
155,HP02,man23,60,61.35,15.31,2020-09-19,2020-11-11
156,VI60,man21,67,30.77,12.75,2020-08-15,2020-11-04
157,XX07,man04,85,23.68,21.05,2020-09-02,2020-11-01
158,AK22,man82,99,69.52,16.55,2020-10-07,2020-11-03
159,WN18,man88,69,84.7,16.13,2020-08-30,2020-10-22
160,YT78,man75,7,89.11,14.33,2020-09-26,2020-11-04
161,FA88,man60,52,73.57,28.74,2020-08-26,2020-10-17
162,YP79,man49,50,34.09,20.62,2020-09-05,2020-10-13
163,AR09,man71,39,55.61,23.8,2020-09-30,2020-10-30
164,HO92,man29,95,84.79,16.64,2020-09-16,2020-10-16
165,DX49,man03,87,41.95,12.81,2020-09-01,2020-10-17
166,LD58,man14,67,79.82,22.6,2020-08-21,2020-11-04
167,BO23,man68,54,54.11,28.17,2020-09-17,2020-11-12
168,JT48,man32,41,46.24,11.76,2020-10-08,2020-10-20
169,IY51,man40,49,53.73,18.42,2020-10-13,2020-10-16
170,TE30,man69,81,95.27,19.63,2020-09-22,2020-11-11
171,JH42,man27,59,36.52,22.33,2020-08-24,2020-10-31
172,HD74,man89,9,94.54,12.06,2020-10-09,2020-10-18
173,DI18,man01,28,96.54,21.29,2020-10-12,2020-10-20
174,HM18,man83,45,51.44,14.88,2020-08-28,2020-10-15
175,XJ70,man41,3,69.39,27.16,2020-09-01,2020-10-13
176,CJ56,man88,25,49.53,23.35,2020-09-06,2020-11-03
177,VO28,man86,11,59.96,11.52,2020-09-05,2020-10-25
178,HJ32,man68,30,51.76,23.04,2020-09-10,2020-11-12
179,RV33,man69,28,77.25,27.21,2020-08-23,2020-10-16
180,KO57,man99,11,40.77,23.67,2020-08-19,2020-10-15
181,HK59,man94,91,88.99,17.95,2020-09-04,2020-10-17
182,NN46,man80,4,48.77,24.52,2020-09-01,2020-11-01
183,HX97,man76,76,65.8,25.77,2020-10-01,2020-11-03
184,UT35,man15,5,23.53,17.0,2020-10-09,2020-10-30
185,LD43,man17,91,98.1,11.09,2020-08-14,2020-10-19
186,WG93,man40,10,47.85,29.94,2020-08-27,2020-11-03
187,UD95,man23,13,81.61,14.23,2020-08-22,2020-11-05
188,ON57,man69,65,57.95,19.36,2020-09-30,2020-10-14
189,VM72,man60,68,86.63,19.87,2020-10-04,2020-10-23
190,LT43,man88,37,22.02,17.84,2020-09-30,2020-11-12
191,PS00,man30,61,20.5,11.65,2020-08-29,2020-10-14
192,CN86,man31,72,80.19,29.11,2020-09-25,2020-10-19
193,ZY95,man51,76,91.38,23.88,2020-09-27,2020-11-11
194,IR30,man15,34,82.3,10.59,2020-09-10,2020-10-31
195,UP46,man23,76,33.58,21.84,2020-08-17,2020-11-10
196,QG26,man67,43,41.49,12.94,2020-09-15,2020-11-01
197,UX35,man62,54,52.44,24.21,2020-09-03,2020-11-05
198,DS44,man37,48,93.78,28.9,2020-09-24,2020-10-23
199,XA48,man22,11,35.69,22.27,2020-09-03,2020-11-10
200,MN05,man68,78,50.22,17.23,2020-09-12,2020-10-24
201,BX61,man00,31,37.36,17.01,2020-08-26,2020-10-17
202,KA98,man12,24,45.08,16.27,2020-10-11,2020-10-19
203,SC57,man99,2,58.93,16.59,2020-09-26,2020-11-12
204,QL46,man88,2,44.18,24.05,2020-08-18,2020-10-15
205,QN67,man83,52,72.22,16.2,2020-09-18,2020-11-08
206,BT41,man59,98,42.21,24.73,2020-09-26,2020-11-02
207,JQ00,man44,65,94.75,27.67,2020-09-19,2020-10-25
208,UU23,man15,2,74.01,17.56,2020-09-02,2020-10-16
209,WX00,man34,81,84.79,11.94,2020-10-06,2020-10-13
210,DO95,man95,7,44.55,29.07,2020-08-27,2020-11-10
211,OC31,man72,28,98.08,16.7,2020-10-09,2020-10-19
212,VD76,man37,68,53.05,29.45,2020-08-20,2020-11-07
213,TV29,man81,38,78.01,19.65,2020-08-23,2020-10-31
214,LQ67,man75,18,23.17,24.83,2020-10-12,2020-11-01
215,GR69,man43,3,58.53,12.48,2020-09-22,2020-11-09
216,CH82,man56,60,89.59,21.81,2020-09-24,2020-11-09
217,RF27,man56,62,67.98,21.83,2020-09-27,2020-11-08
218,BI73,man06,70,88.06,19.41,2020-09-27,2020-10-27
219,QG81,man42,67,69.43,15.07,2020-08-31,2020-11-02
220,XB11,man25,9,99.98,28.42,2020-09-06,2020-11-08
221,RT98,man57,14,85.12,22.47,2020-10-07,2020-10-19
222,GU93,man00,82,91.97,23.95,2020-10-02,2020-10-30
223,DT64,man09,95,93.25,12.68,2020-08-16,2020-11-12
224,EX69,man38,36,56.51,23.56,2020-09-10,2020-10-21
225,GK51,man75,49,53.95,19.28,2020-08-20,2020-10-21
226,AA73,man29,67,89.28,10.42,2020-09-25,2020-10-23
227,AQ32,man83,67,75.94,27.81,2020-08-26,2020-10-22
228,AX43,man66,70,32.53,25.95,2020-08-17,2020-10-21
229,ZT80,man42,18,26.69,21.15,2020-10-01,2020-10-28
230,IK81,man74,39,60.74,22.8,2020-08-30,2020-11-03
231,KJ76,man68,41,53.57,22.0,2020-10-05,2020-10-26
232,LI71,man80,41,83.18,11.54,2020-09-21,2020-11-06
233,XV62,man16,77,34.83,11.61,2020-08-23,2020-11-06
234,RG74,man47,44,57.7,26.8,2020-09-27,2020-10-21
235,UM03,man71,81,63.56,22.55,2020-08-21,2020-10-29
236,MT00,man85,48,29.89,20.02,2020-10-10,2020-10-22
237,OT33,man97,9,93.72,21.25,2020-10-06,2020-10-25
238,NT62,man22,93,78.02,27.94,2020-10-09,2020-10-13
239,BF34,man87,85,33.93,20.06,2020-09-21,2020-10-16
240,QK18,man78,16,96.95,23.16,2020-09-17,2020-10-25
241,AI88,man04,100,25.46,21.38,2020-09-06,2020-10-19
242,MB05,man01,95,88.64,15.97,2020-10-12,2020-10-26
243,HR18,man59,86,37.68,28.78,2020-10-13,2020-10-28
244,UU65,man46,56,85.53,12.59,2020-09-03,2020-10-25
245,MH35,man98,4,85.59,10.98,2020-10-02,2020-11-10
246,DU64,man97,40,63.03,17.66,2020-10-09,2020-11-04
247,EV05,man75,85,38.14,13.43,2020-09-11,2020-10-17
248,HQ46,man38,56,48.48,29.31,2020-09-29,2020-11-12
249,LW02,man07,76,30.7,13.91,2020-08-18,2020-11-03
250,KS78,man87,99,62.49,18.24,2020-09-13,2020-11-11
251,WR80,man43,22,69.33,13.62,2020-10-13,2020-10-20
252,WX27,man56,49,87.17,15.59,2020-09-10,2020-11-03
253,DL29,man83,49,78.69,28.61,2020-09-17,2020-11-11
254,CD04,man09,48,76.84,23.74,2020-08-19,2020-10-14
255,GW82,man02,41,44.89,17.91,2020-09-03,2020-10-19
256,EN31,man42,2,86.8,22.73,2020-08-28,2020-10-22
257,VB72,man68,69,71.77,20.5,2020-10-13,2020-10-13
258,CR50,man05,36,77.0,26.42,2020-10-05,2020-10-17
259,AY25,man39,70,58.18,27.37,2020-09-21,2020-10-26
260,MJ32,man33,71,49.4,18.54,2020-09-17,2020-10-16
261,CS45,man80,45,32.02,28.21,2020-09-01,2020-10-17
262,CL55,man28,74,88.49,10.77,2020-09-08,2020-10-26
263,OL27,man45,31,25.87,23.53,2020-08-31,2020-10-22
264,TJ18,man45,13,80.61,13.57,2020-09-08,2020-11-10
265,BK93,man68,52,92.89,18.96,2020-09-07,2020-11-12
266,OQ64,man17,43,21.28,29.33,2020-08-17,2020-10-24
267,OM23,man81,53,79.84,18.14,2020-09-01,2020-10-30
268,LC86,man36,71,24.27,25.6,2020-10-01,2020-10-14
269,XJ30,man86,26,83.81,28.01,2020-09-07,2020-10-13
270,KS25,man24,66,47.15,19.61,2020-08-23,2020-11-06
271,EN45,man05,53,78.73,26.19,2020-09-23,2020-10-14
272,QT35,man28,92,89.01,12.19,2020-10-03,2020-11-04
273,YJ61,man81,51,93.24,19.66,2020-10-04,2020-10-25
274,SV65,man29,17,20.55,26.26,2020-10-12,2020-10-28
275,CV82,man81,34,84.66,24.67,2020-08-19,2020-11-10
276,UD26,man19,42,86.93,29.7,2020-08-30,2020-11-01
277,CS38,man68,54,55.43,26.93,2020-09-18,2020-11-01
278,PE41,man55,94,43.39,26.83,2020-09-10,2020-10-16
279,LT00,man40,45,30.54,15.18,2020-10-04,2020-10-16
280,PI41,man16,43,71.73,22.76,2020-10-05,2020-10-20
281,QD62,man92,25,72.19,12.1,2020-09-18,2020-10-25
282,PP86,man31,75,45.24,22.66,2020-09-18,2020-10-14
283,GF98,man64,21,70.83,19.94,2020-09-21,2020-10-13
284,FK47,man75,60,64.37,27.49,2020-09-23,2020-11-02
285,SW39,man32,39,35.86,27.67,2020-10-12,2020-11-12
286,SJ11,man19,74,90.21,14.8,2020-10-05,2020-10-24
287,UR11,man55,5,78.56,13.02,2020-09-24,2020-11-04
288,II05,man12,59,55.8,22.91,2020-10-06,2020-10-14
289,SU83,man04,37,61.61,14.03,2020-09-29,2020-10-26
290,CO53,man81,83,72.76,16.88,2020-09-18,2020-11-02
291,HX94,man52,28,53.24,17.36,2020-08-17,2020-10-28
292,HX21,man24,46,77.34,10.01,2020-08-21,2020-11-11
293,NW07,man87,65,54.66,10.96,2020-09-29,2020-10-21
294,TT68,man67,34,58.77,26.86,2020-10-06,2020-10-20
295,NV41,man33,62,64.73,22.41,2020-09-05,2020-10-30
296,VG40,man65,73,78.73,23.73,2020-09-23,2020-10-13
297,IO82,man63,99,41.72,12.79,2020-10-12,2020-11-06
298,HA26,man58,68,55.12,16.93,2020-08-23,2020-10-15
299,SP81,man73,92,49.89,24.93,2020-08-17,2020-10-24
300,NU98,man42,99,37.52,29.44,2020-09-07,2020-11-12
301,BL17,man84,42,23.03,20.39,2020-08-16,2020-11-07
302,QB03,man77,23,26.46,28.64,2020-09-07,2020-11-08
303,JK23,man85,85,42.12,17.48,2020-08-30,2020-11-03
304,JK73,man08,68,95.93,19.91,2020-08-30,2020-10-28
305,AX34,man15,93,99.62,24.96,2020-10-07,2020-10-18
306,DL22,man14,19,49.05,24.51,2020-09-23,2020-10-16
307,SM17,man95,37,73.59,12.13,2020-08-15,2020-10-31
308,CF40,man63,57,39.19,15.96,2020-08-30,2020-11-12
309,WA76,man03,49,22.22,24.63,2020-09-17,2020-10-31
310,XR54,man18,56,90.4,12.36,2020-09-13,2020-11-09
311,QJ00,man09,41,41.38,20.83,2020-10-03,2020-10-20
312,LC59,man40,24,48.84,23.74,2020-09-11,2020-11-08
313,MU42,man10,33,95.72,19.29,2020-09-17,2020-11-01
314,EC24,man22,93,32.33,17.75,2020-08-17,2020-11-05
315,NJ95,man06,91,62.38,11.43,2020-10-03,2020-10-13
316,VU12,man59,84,51.13,29.09,2020-09-12,2020-10-18
317,QP74,man19,57,44.37,13.24,2020-09-07,2020-10-25
318,LP25,man52,71,37.11,25.67,2020-10-03,2020-10-20
319,DH85,man20,60,63.01,13.2,2020-09-10,2020-10-27
320,QN62,man29,30,38.31,29.8,2020-09-12,2020-10-19
321,XJ94,man01,52,46.82,16.07,2020-10-11,2020-11-02
322,IR25,man88,38,39.57,22.6,2020-08-25,2020-11-01
323,AL95,man29,36,22.96,24.91,2020-08-28,2020-10-15
324,RM69,man40,31,67.98,23.33,2020-10-05,2020-11-10
325,OB01,man56,66,67.66,15.86,2020-09-26,2020-11-04
326,SW98,man16,25,74.2,11.66,2020-08-23,2020-10-20
327,BC70,man05,76,80.05,21.41,2020-10-08,2020-10-27
328,TF99,man19,31,70.13,28.88,2020-08-25,2020-10-26
329,SU68,man40,50,37.63,27.95,2020-09-20,2020-10-19
330,SX36,man15,56,34.66,21.63,2020-10-01,2020-10-25
331,DO85,man32,52,31.88,17.3,2020-09-13,2020-11-01
332,TP70,man68,20,78.65,11.87,2020-09-25,2020-10-14
333,EP80,man22,45,23.25,11.57,2020-09-29,2020-11-05
334,UZ90,man20,46,20.09,14.64,2020-09-15,2020-10-20
335,NV55,man89,65,97.99,13.98,2020-10-12,2020-10-22
336,WH33,man53,98,36.86,11.39,2020-09-05,2020-10-30
337,YO63,man38,14,58.68,23.86,2020-08-26,2020-11-05
338,NK97,man52,57,55.35,10.33,2020-08-23,2020-10-27
339,ZF82,man36,66,26.27,23.92,2020-08-15,2020-10-16
340,KV68,man33,88,47.92,11.69,2020-09-16,2020-11-04
341,RY73,man04,10,86.06,14.88,2020-09-07,2020-10-28
342,XG79,man21,24,25.24,20.15,2020-08-19,2020-11-08
343,OI04,man44,41,32.21,13.44,2020-08-22,2020-10-15
344,LS98,man96,11,94.88,19.74,2020-10-06,2020-10-21
345,QW27,man83,27,64.58,22.58,2020-09-01,2020-10-28
346,QX42,man53,12,89.81,26.31,2020-09-16,2020-11-04
347,RI75,man89,25,79.58,26.97,2020-08-20,2020-10-16
348,WB60,man88,24,46.54,17.49,2020-10-05,2020-10-29
349,VD42,man06,79,42.03,22.82,2020-09-30,2020-10-22
350,EH19,man35,42,89.68,23.91,2020-09-12,2020-10-15
351,PI79,man90,72,43.96,28.67,2020-09-08,2020-10-25
352,VO54,man50,39,84.4,12.56,2020-08-21,2020-11-02
353,TW08,man43,16,33.18,19.09,2020-08-24,2020-10-14
354,AE77,man69,43,44.92,23.32,2020-10-13,2020-10-19
355,XH16,man94,11,95.43,10.22,2020-08-30,2020-10-25
356,PO12,man09,19,41.79,14.42,2020-10-04,2020-10-20
357,SK64,man81,9,35.24,19.9,2020-08-23,2020-10-24
358,BT19,man09,47,32.39,25.2,2020-09-25,2020-10-22
359,QE42,man39,97,72.72,28.81,2020-08-21,2020-10-14
360,XF47,man56,85,38.89,11.7,2020-09-07,2020-10-25
361,HM27,man92,86,84.3,28.31,2020-09-11,2020-10-29
362,OC12,man20,1,87.9,14.27,2020-08-24,2020-10-27
363,WH63,man84,78,20.63,13.37,2020-09-21,2020-11-08
364,HJ94,man46,2,40.41,28.63,2020-09-13,2020-10-29
365,US74,man31,34,53.46,22.18,2020-09-01,2020-11-04
366,AG75,man56,88,68.72,16.59,2020-08-31,2020-10-14
367,OP70,man61,37,22.32,23.04,2020-09-04,2020-10-29
368,IV77,man93,40,65.94,15.73,2020-09-19,2020-10-14
369,EI44,man49,96,41.66,27.34,2020-10-12,2020-11-03
370,SW50,man58,10,35.23,29.99,2020-08-18,2020-11-01
371,MH02,man56,93,54.99,15.25,2020-08-26,2020-10-15
372,ZQ01,man18,24,78.13,20.79,2020-09-03,2020-11-02
373,KT07,man29,43,42.44,15.21,2020-08-15,2020-10-18
374,DN54,man25,31,74.35,28.05,2020-08-18,2020-10-14
375,QR37,man94,30,85.73,22.25,2020-10-09,2020-10-20
376,DD87,man64,76,82.64,18.79,2020-10-01,2020-10-25
377,FA37,man88,23,56.23,25.99,2020-08-27,2020-11-11
378,CI91,man28,79,91.14,14.62,2020-09-17,2020-10-15
379,XS55,man46,65,71.03,16.36,2020-09-25,2020-10-18
380,JF88,man98,100,92.33,27.8,2020-08-28,2020-10-15
381,IZ57,man68,93,21.05,22.71,2020-08-23,2020-10-31
382,NB83,man01,4,57.95,12.19,2020-09-17,2020-11-07
383,EE62,man44,87,36.72,22.31,2020-09-19,2020-10-29
384,MH18,man07,28,81.46,17.6,2020-09-14,2020-11-10
385,DR73,man18,65,76.05,17.88,2020-09-27,2020-11-08
386,VZ74,man64,41,90.21,19.55,2020-08-22,2020-11-02
387,EB03,man24,52,32.5,22.28,2020-09-24,2020-11-01
388,JP96,man41,21,33.85,20.42,2020-09-19,2020-10-27
389,CK20,man44,99,34.55,22.77,2020-09-29,2020-10-16
390,ZK17,man15,79,86.29,19.58,2020-09-24,2020-11-12
391,KA23,man20,13,54.64,14.37,2020-08-24,2020-10-16
392,KJ59,man04,8,79.58,25.94,2020-09-22,2020-11-03
393,US41,man72,83,70.4,11.29,2020-08-29,2020-10-25
394,DN65,man61,71,95.6,20.91,2020-09-12,2020-10-31
395,HE83,man39,51,56.22,22.6,2020-08-16,2020-11-02
396,BT66,man09,88,99.55,24.85,2020-09-05,2020-11-11
397,UA62,man97,56,24.35,21.03,2020-08-16,2020-10-15
398,BX37,man81,5,27.23,29.62,2020-10-13,2020-10-26
399,DU31,man30,62,90.05,25.68,2020-08-14,2020-10-22
400,UZ27,man69,46,62.15,18.54,2020-08-26,2020-11-07
401,YC40,man38,55,90.27,26.55,2020-09-12,2020-10-25
402,RK74,man30,45,36.0,28.16,2020-09-24,2020-10-21
403,BJ50,man90,29,24.92,29.1,2020-08-18,2020-10-24
404,UX91,man81,77,44.45,17.02,2020-09-12,2020-10-15
405,AB00,man20,61,90.68,26.33,2020-08-23,2020-10-26
406,LR98,man31,84,94.18,16.0,2020-09-24,2020-10-27
407,RB30,man64,11,90.93,23.82,2020-09-04,2020-10-29
408,UN24,man95,25,41.48,12.12,2020-09-08,2020-10-13
409,LC52,man86,42,58.19,22.24,2020-08-20,2020-10-28
410,HL65,man52,77,59.75,29.34,2020-08-25,2020-10-20
411,VM46,man41,12,42.88,24.08,2020-08-25,2020-10-20
412,LX70,man51,59,24.56,20.39,2020-09-01,2020-11-05
413,FY50,man69,50,93.79,18.96,2020-08-14,2020-10-29
414,SH81,man91,67,33.09,26.51,2020-09-07,2020-10-19
415,VZ14,man62,9,91.3,22.18,2020-09-18,2020-11-11
416,GC36,man18,73,99.26,14.18,2020-08-30,2020-10-18
417,RK64,man13,60,73.8,25.14,2020-09-23,2020-11-11
418,CW27,man70,81,48.59,10.68,2020-08-17,2020-10-15
419,HT92,man38,75,60.59,24.91,2020-09-15,2020-11-05
420,XF85,man55,58,45.28,29.03,2020-09-27,2020-10-29
421,YW52,man37,77,89.2,29.81,2020-10-01,2020-10-13
422,OO11,man77,45,30.21,14.03,2020-09-26,2020-11-05
423,OI21,man56,87,26.85,24.04,2020-10-08,2020-11-08
424,OW02,man82,92,24.78,13.32,2020-10-02,2020-10-27
425,VC82,man35,13,88.03,27.46,2020-10-13,2020-10-20
426,VA94,man98,69,52.99,13.38,2020-09-19,2020-11-06
427,OR37,man90,83,32.15,22.24,2020-10-04,2020-10-24
428,HJ50,man68,44,42.83,16.41,2020-08-17,2020-10-15
429,FW16,man25,44,30.19,20.6,2020-08-29,2020-10-30
430,US62,man55,38,84.38,19.45,2020-10-09,2020-10-18
431,MS18,man15,59,62.84,12.13,2020-10-04,2020-10-31
432,UK64,man63,93,21.72,20.88,2020-08-30,2020-10-28
433,WJ03,man83,15,25.02,27.77,2020-08-18,2020-10-25
434,OH33,man40,34,22.08,22.13,2020-08-22,2020-11-01
435,VR58,man02,58,71.5,27.34,2020-10-11,2020-11-07
436,SU17,man01,38,44.72,15.72,2020-09-20,2020-11-05
437,PU67,man26,24,89.41,29.63,2020-09-18,2020-10-28
438,SL64,man07,25,95.23,15.81,2020-09-14,2020-10-14
439,DF16,man62,80,78.28,20.01,2020-09-08,2020-11-09
440,EC28,man92,88,81.1,14.53,2020-09-06,2020-11-05
441,BP87,man71,6,61.32,12.26,2020-10-09,2020-10-29
442,BB94,man72,68,94.72,14.9,2020-08-20,2020-10-27
443,KN20,man79,17,25.97,13.26,2020-09-09,2020-10-23
444,DX03,man61,87,37.68,20.69,2020-08-14,2020-10-22
445,MP91,man13,9,32.39,11.93,2020-08-24,2020-11-10
446,VG19,man17,24,35.32,11.41,2020-09-23,2020-10-31
447,WG79,man88,1,80.77,21.76,2020-09-20,2020-11-01
448,OW89,man16,28,47.92,13.34,2020-09-13,2020-11-08
449,GD15,man40,74,86.17,23.23,2020-09-23,2020-10-28
450,TX12,man94,39,39.27,10.92,2020-09-05,2020-11-02
451,DF50,man04,13,74.85,21.46,2020-09-23,2020-11-04
452,FA64,man02,11,94.67,17.99,2020-09-27,2020-11-09
453,RD67,man89,76,84.62,28.09,2020-08-30,2020-11-03
454,IX33,man93,18,70.15,28.65,2020-08-24,2020-11-05
455,AA62,man64,10,80.75,19.18,2020-09-15,2020-10-13
456,YZ39,man92,81,22.69,26.4,2020-10-03,2020-11-11
457,TL34,man65,66,28.09,21.68,2020-09-19,2020-10-22
458,RQ22,man91,82,61.09,24.08,2020-08-30,2020-10-18
459,EX25,man34,73,75.29,10.22,2020-10-04,2020-11-12
460,XX83,man12,53,33.89,26.47,2020-09-09,2020-10-26
461,JI92,man72,17,44.95,25.12,2020-08-17,2020-10-22
462,VE70,man23,20,29.17,22.37,2020-10-08,2020-10-29
463,UR19,man35,35,85.39,22.55,2020-09-26,2020-10-26
464,AI36,man99,20,75.3,25.96,2020-09-08,2020-10-19
465,GT93,man22,72,40.68,15.54,2020-08-24,2020-10-31
466,WS84,man72,19,53.04,21.6,2020-09-19,2020-11-01
467,FU61,man60,87,35.97,14.79,2020-10-06,2020-11-06
468,UK44,man59,41,91.5,12.01,2020-09-28,2020-11-01
469,KA72,man15,86,62.79,24.06,2020-09-28,2020-11-08
470,HS88,man18,53,51.53,10.87,2020-09-10,2020-10-23
471,WA61,man84,49,58.05,22.36,2020-10-07,2020-10-27
472,TF17,man67,33,27.23,28.54,2020-09-30,2020-11-07
473,DB72,man86,9,27.02,14.96,2020-09-19,2020-10-15
474,NW50,man79,11,58.59,25.81,2020-08-22,2020-10-15
475,AT90,man95,5,79.58,11.82,2020-09-14,2020-10-19
476,MM68,man93,6,24.06,20.13,2020-10-02,2020-11-11
477,JA72,man99,41,86.9,26.79,2020-08-21,2020-11-10
478,MX10,man82,85,39.84,13.05,2020-08-14,2020-10-18
479,MU00,man46,91,94.94,23.32,2020-09-11,2020-11-03
480,YN40,man58,24,70.78,28.88,2020-09-28,2020-10-31
481,JN05,man59,8,75.0,16.22,2020-10-12,2020-11-04
482,UU22,man00,92,97.3,19.34,2020-08-26,2020-10-28
483,HO57,man86,76,56.42,27.94,2020-09-07,2020-11-02
484,JG20,man86,72,89.52,28.77,2020-10-04,2020-11-08
485,YR41,man33,63,40.89,29.6,2020-09-13,2020-11-12
486,HH49,man36,64,46.68,16.94,2020-10-13,2020-10-31
487,ZC11,man88,8,37.95,19.46,2020-08-27,2020-10-19
488,MX19,man30,22,84.0,22.56,2020-09-02,2020-11-09
489,BC88,man43,37,75.26,20.12,2020-08-26,2020-10-22
490,GC65,man12,47,37.42,10.92,2020-09-27,2020-10-22
491,DJ98,man45,44,68.45,25.62,2020-09-05,2020-10-19
492,SH77,man09,99,54.75,24.86,2020-08-19,2020-11-02
493,NK05,man48,78,83.81,19.97,2020-09-28,2020-10-22
494,CX88,man84,95,49.87,24.05,2020-09-28,2020-10-22
495,HM36,man93,72,81.57,18.77,2020-08-24,2020-10-22
496,AV76,man46,24,81.91,14.1,2020-09-02,2020-11-03
497,DK41,man69,15,23.94,18.65,2020-09-26,2020-11-10
498,LC10,man34,40,82.27,26.33,2020-09-16,2020-10-27
499,PY71,man39,76,56.75,28.27,2020-10-05,2020-10-29
500,CP10,man81,51,34.98,10.02,2020-08-29,2020-10-17
501,BO10,man01,68,64.92,14.04,2020-08-20,2020-10-15
502,XY20,man10,82,56.66,20.12,2020-10-10,2020-10-19
503,LX03,man96,20,57.44,19.74,2020-09-28,2020-10-18
504,AB75,man34,79,81.01,16.04,2020-09-23,2020-10-31
505,PH01,man61,46,27.26,27.12,2020-10-12,2020-11-10
506,UA56,man41,61,66.35,11.38,2020-10-13,2020-11-10
507,BA66,man77,83,81.78,25.95,2020-09-04,2020-11-03
508,MB55,man37,50,28.73,29.77,2020-08-27,2020-10-15
509,WX86,man07,44,80.15,23.89,2020-09-02,2020-11-09
510,VN04,man45,84,73.85,13.4,2020-10-03,2020-10-20
511,EB31,man99,74,81.79,22.94,2020-08-28,2020-11-01
512,NE92,man98,33,30.5,16.89,2020-10-09,2020-10-18
513,TY46,man19,42,53.93,28.78,2020-10-04,2020-11-10
514,DZ62,man08,21,52.89,24.61,2020-08-20,2020-10-25
515,GX28,man67,99,28.18,14.93,2020-09-16,2020-10-19
516,NS71,man04,35,42.1,24.55,2020-09-09,2020-10-30
517,IU60,man74,98,45.68,22.54,2020-08-29,2020-10-30
518,OJ20,man71,77,63.13,11.82,2020-09-15,2020-10-14
519,OU34,man56,22,71.2,27.4,2020-08-19,2020-11-01
520,TU59,man32,47,26.83,21.77,2020-09-09,2020-10-24
521,AA10,man26,60,84.7,17.68,2020-10-12,2020-10-28
522,UD61,man17,36,67.72,19.81,2020-09-25,2020-11-03
523,AK00,man89,68,70.25,15.06,2020-10-08,2020-10-14
524,HL94,man27,84,82.93,27.63,2020-08-25,2020-11-04
525,DY19,man46,54,68.35,12.55,2020-10-03,2020-11-06
526,ZW53,man08,48,70.38,12.43,2020-10-04,2020-10-20
527,GS78,man76,70,96.75,11.55,2020-08-24,2020-10-27
528,RL63,man11,36,32.8,29.81,2020-10-05,2020-11-03
529,LJ85,man43,47,88.71,27.95,2020-10-12,2020-10-20
530,DO36,man85,30,81.65,12.11,2020-08-29,2020-11-08
531,IT17,man71,4,80.63,25.92,2020-08-26,2020-11-10
532,ZR58,man77,76,44.2,18.96,2020-08-26,2020-10-18
533,HN17,man64,10,90.12,23.72,2020-10-08,2020-10-13
534,PA08,man94,79,66.11,10.18,2020-08-20,2020-10-30
535,CF68,man48,100,32.7,19.92,2020-09-14,2020-10-13
536,OY20,man13,40,58.28,24.14,2020-09-02,2020-11-01
537,XV44,man39,32,32.97,13.25,2020-09-20,2020-10-17
538,PR68,man82,28,30.18,16.26,2020-09-11,2020-10-15
539,PK18,man21,93,25.32,12.88,2020-10-07,2020-10-19
540,QC77,man71,87,22.49,25.12,2020-09-23,2020-10-19
541,MW79,man63,40,62.92,28.16,2020-08-16,2020-10-25
542,UV84,man95,72,34.51,26.05,2020-10-09,2020-10-17
543,UP99,man36,45,33.74,23.52,2020-09-14,2020-10-14
544,DC72,man43,100,22.22,18.22,2020-09-14,2020-10-21
545,JI47,man22,49,34.48,10.54,2020-09-12,2020-10-28
546,PJ73,man21,12,47.0,13.87,2020-08-14,2020-10-28
547,TF84,man03,21,68.01,23.95,2020-09-22,2020-10-17
548,LY27,man28,80,51.87,11.35,2020-09-30,2020-11-12
549,HO87,man68,50,67.6,13.02,2020-09-13,2020-10-25
550,ZE50,man65,60,28.23,27.21,2020-08-24,2020-10-14
551,FC54,man90,47,98.65,24.14,2020-08-25,2020-11-05
552,LE06,man28,24,74.83,28.81,2020-10-04,2020-10-19
553,NF01,man24,48,59.29,25.74,2020-09-28,2020-10-31
554,PF76,man03,64,72.45,25.92,2020-08-18,2020-10-27
555,AY25,man57,78,48.68,15.12,2020-09-24,2020-10-29
556,JZ99,man91,40,79.48,26.97,2020-08-28,2020-10-18
557,CU94,man37,66,68.48,13.59,2020-10-06,2020-10-29
558,KZ54,man63,12,23.74,19.77,2020-10-03,2020-10-22
559,DH21,man40,39,67.37,23.7,2020-09-09,2020-11-11
560,VQ25,man71,74,66.92,13.22,2020-08-23,2020-11-08
561,TY08,man91,38,84.92,24.02,2020-09-29,2020-10-18
562,RI53,man89,75,39.73,13.19,2020-08-29,2020-10-30
563,LN15,man36,90,64.42,11.95,2020-09-10,2020-11-11
564,WQ32,man10,47,43.19,28.91,2020-10-11,2020-11-09
565,EY29,man61,28,75.97,14.69,2020-08-29,2020-11-08
566,JW24,man98,58,23.51,24.61,2020-09-23,2020-11-01
567,TR90,man55,68,65.68,22.7,2020-09-19,2020-10-29
568,GE71,man82,66,74.69,19.06,2020-09-20,2020-10-15
569,BQ60,man64,68,44.18,19.51,2020-09-25,2020-11-02
570,HH02,man49,57,35.76,26.0,2020-09-03,2020-11-03
571,MW96,man84,93,22.81,18.0,2020-09-19,2020-10-17
572,TQ80,man48,61,43.55,23.08,2020-09-07,2020-11-02
573,AW53,man79,30,21.69,24.59,2020-09-23,2020-10-26
574,ST54,man74,89,23.77,22.77,2020-10-13,2020-10-14
575,VX63,man42,10,23.31,10.62,2020-09-22,2020-10-17
576,QZ36,man34,73,74.65,20.92,2020-10-10,2020-11-10
577,YJ90,man78,28,20.42,23.63,2020-08-15,2020-10-21
578,GE08,man84,84,24.44,15.17,2020-10-11,2020-10-31
579,NV29,man06,5,61.5,19.91,2020-08-14,2020-11-10
580,KI45,man28,78,63.91,27.97,2020-08-28,2020-11-05
581,HE77,man76,34,58.79,23.32,2020-08-18,2020-11-10
582,KT26,man17,86,90.5,19.2,2020-10-05,2020-10-20
583,BD57,man76,31,42.86,19.03,2020-09-21,2020-10-24
584,FD82,man37,98,39.95,25.18,2020-09-13,2020-11-05
585,TN59,man48,19,48.37,11.81,2020-09-23,2020-10-29
586,KY52,man03,65,90.9,18.55,2020-09-11,2020-11-07
587,VO73,man74,9,62.3,19.92,2020-09-07,2020-10-31
588,DN16,man52,66,36.26,24.64,2020-09-30,2020-11-10
589,FJ65,man35,86,96.25,28.56,2020-09-07,2020-10-16
590,AH75,man45,95,97.58,13.17,2020-09-01,2020-11-09
591,PI42,man68,9,75.34,10.13,2020-08-21,2020-10-31
592,UJ32,man18,21,59.34,18.85,2020-08-20,2020-10-16
593,YX16,man63,2,56.44,22.68,2020-08-28,2020-10-20
594,KJ43,man99,59,81.44,24.43,2020-10-08,2020-10-22
595,DW77,man31,6,81.68,27.44,2020-08-17,2020-10-29
596,SM64,man47,45,29.32,16.09,2020-10-12,2020-10-21
597,WG86,man48,14,47.11,26.35,2020-09-15,2020-10-26
598,SC39,man01,43,90.05,26.39,2020-09-19,2020-10-14
599,QI42,man58,6,97.88,15.73,2020-09-13,2020-10-15
600,IC68,man44,58,60.97,14.76,2020-08-22,2020-10-15
601,CU22,man06,64,36.12,14.34,2020-10-07,2020-10-17
602,QG11,man83,41,30.46,14.71,2020-09-02,2020-11-05
603,AN28,man24,21,44.63,21.23,2020-09-04,2020-10-31
604,DK88,man48,90,47.67,12.18,2020-09-06,2020-11-08
605,ZS43,man52,5,27.57,24.54,2020-08-21,2020-10-19
606,NO50,man08,12,65.24,22.95,2020-09-02,2020-10-27
607,MH83,man04,56,53.68,29.41,2020-08-24,2020-10-15
608,XT02,man34,67,88.68,12.39,2020-08-24,2020-10-16
609,NU04,man82,84,88.04,25.59,2020-09-03,2020-10-21
610,AN25,man13,86,80.47,11.22,2020-09-28,2020-10-15
611,AC96,man23,66,64.03,14.56,2020-09-05,2020-11-03
612,OL46,man66,62,31.53,12.37,2020-09-08,2020-11-10
613,SU24,man91,54,26.64,19.83,2020-09-04,2020-10-26
614,LL87,man67,63,37.08,17.41,2020-09-15,2020-10-27
615,DP98,man01,37,56.56,23.33,2020-08-26,2020-10-14
616,YP76,man10,47,51.89,22.54,2020-08-25,2020-10-17
617,MF16,man98,70,35.01,27.51,2020-08-23,2020-10-27
618,TI39,man62,68,87.83,18.47,2020-09-30,2020-11-02
619,OA58,man44,47,84.05,23.99,2020-09-11,2020-10-15
620,ZF69,man98,49,32.7,22.77,2020-08-25,2020-11-10
621,SH34,man14,2,59.61,24.43,2020-08-14,2020-10-16
622,KU70,man10,56,45.27,11.95,2020-09-16,2020-10-26
623,XU10,man11,62,96.63,13.37,2020-10-08,2020-11-12
624,KX59,man19,92,33.54,15.76,2020-08-20,2020-10-21
625,ME50,man37,81,67.5,10.82,2020-09-15,2020-10-20
626,SA46,man01,2,35.66,15.36,2020-08-14,2020-10-18
627,DX73,man90,51,65.15,21.71,2020-09-25,2020-11-02
628,XJ89,man08,26,97.1,23.77,2020-09-03,2020-11-07
629,MR39,man84,52,87.45,16.31,2020-09-30,2020-10-26
630,ZQ37,man64,69,58.97,26.73,2020-10-03,2020-10-22
631,CG06,man73,69,24.33,20.87,2020-08-16,2020-10-30
632,IG94,man81,48,48.36,23.79,2020-09-24,2020-10-13
633,AG58,man28,32,20.31,26.25,2020-09-03,2020-10-16
634,VC83,man24,40,66.01,11.12,2020-09-17,2020-11-10
635,QC29,man67,99,23.61,10.56,2020-09-08,2020-10-19
636,TM91,man28,74,27.59,15.08,2020-09-16,2020-11-11
637,RE99,man39,20,61.0,17.04,2020-08-18,2020-10-15
638,JY42,man56,26,50.59,11.63,2020-09-24,2020-10-31
639,PU49,man04,45,85.98,20.84,2020-09-19,2020-11-11
640,VH49,man84,10,26.72,22.1,2020-08-31,2020-10-18
641,ZW57,man68,79,27.42,16.04,2020-09-10,2020-10-24
642,RL31,man65,13,79.5,22.29,2020-08-23,2020-10-24
643,RA12,man60,18,96.01,26.18,2020-09-03,2020-11-01
644,HL69,man38,64,60.95,15.68,2020-08-25,2020-10-24
645,QE73,man58,84,64.61,22.75,2020-08-20,2020-10-27
646,AM99,man52,14,33.6,12.0,2020-10-05,2020-10-22
647,PJ13,man19,72,60.18,23.83,2020-10-03,2020-10-20
648,FH78,man88,74,73.02,10.34,2020-10-05,2020-11-09
649,KE30,man87,98,40.52,26.35,2020-09-26,2020-10-22
650,LF71,man68,66,31.22,15.49,2020-09-08,2020-10-18
651,PH69,man03,83,45.29,10.9,2020-09-26,2020-10-20
652,AK63,man59,19,98.2,15.5,2020-09-22,2020-11-10
653,XD17,man81,54,29.77,26.76,2020-09-30,2020-10-23
654,FD00,man06,5,24.23,20.15,2020-09-03,2020-10-31
655,BN21,man02,18,91.48,10.38,2020-09-01,2020-10-29
656,OB43,man23,98,47.56,24.12,2020-09-16,2020-11-07
657,CT80,man42,93,39.27,17.19,2020-08-23,2020-10-19
658,OD91,man27,80,23.27,14.05,2020-10-01,2020-10-26
659,ZN31,man54,73,65.42,14.75,2020-08-31,2020-10-24
660,ML03,man76,71,29.86,10.39,2020-09-15,2020-10-18
661,NI80,man47,99,34.43,28.48,2020-09-14,2020-10-16
662,YC31,man13,24,66.5,26.98,2020-08-18,2020-11-09
663,TO55,man39,36,92.51,26.13,2020-09-27,2020-11-05
664,LW43,man10,79,24.08,24.59,2020-09-21,2020-10-16
665,SQ24,man81,28,99.97,19.53,2020-09-06,2020-10-30
666,YL28,man19,9,75.87,25.08,2020-09-16,2020-10-23
667,RC88,man35,8,82.51,21.87,2020-09-04,2020-10-30
668,WI79,man54,41,32.3,18.98,2020-09-24,2020-10-31
669,AE22,man13,73,68.56,16.53,2020-08-16,2020-10-30
670,NV39,man33,7,69.44,19.22,2020-09-24,2020-10-17
671,RS02,man13,42,71.48,17.3,2020-10-13,2020-10-31
672,GP01,man85,79,63.04,26.1,2020-10-02,2020-11-07
673,MG11,man70,85,42.28,24.04,2020-09-06,2020-11-04
674,DS46,man78,85,86.55,10.9,2020-08-15,2020-10-29
675,XM01,man19,93,30.22,27.4,2020-08-25,2020-10-13
676,NS75,man40,86,51.27,15.26,2020-09-04,2020-10-26
677,KN60,man23,58,36.81,28.91,2020-09-21,2020-10-13
678,GE88,man35,4,46.64,12.78,2020-09-04,2020-10-25
679,PI89,man64,13,53.12,22.82,2020-08-29,2020-11-09
680,HI61,man40,94,48.28,26.34,2020-08-16,2020-10-21
681,YA64,man89,47,66.0,18.05,2020-10-12,2020-11-01
682,KG60,man30,34,41.42,24.7,2020-09-08,2020-10-17
683,ZM86,man28,30,36.63,20.38,2020-08-22,2020-10-13
684,FS08,man91,88,65.27,13.88,2020-08-28,2020-10-22
685,YK48,man93,95,83.55,19.97,2020-09-02,2020-10-31
686,RQ09,man19,42,24.57,21.55,2020-09-11,2020-10-29
687,UL50,man07,21,32.91,15.77,2020-10-10,2020-11-09
688,VU25,man98,25,26.53,14.6,2020-10-02,2020-11-02
689,TX25,man80,66,62.94,20.47,2020-10-10,2020-10-26
690,MH67,man74,46,78.41,28.11,2020-09-28,2020-11-08
691,VS78,man39,14,68.41,24.81,2020-10-04,2020-11-03
692,UI28,man64,1,86.14,14.94,2020-08-23,2020-10-26
693,FC98,man64,55,97.23,27.26,2020-09-03,2020-10-23
694,IR12,man15,92,44.05,27.68,2020-08-22,2020-11-02
695,GR25,man05,60,80.45,10.77,2020-08-28,2020-10-30
696,SU33,man44,30,94.12,18.67,2020-09-04,2020-10-21
697,IB41,man57,16,87.05,19.85,2020-09-12,2020-10-13
698,XT21,man65,38,28.52,26.12,2020-09-16,2020-10-27
699,VS24,man89,95,86.55,17.07,2020-08-16,2020-11-11
700,GR79,man13,87,25.12,18.45,2020-09-05,2020-11-04
701,DA23,man78,97,52.68,14.44,2020-09-27,2020-11-02
702,KY36,man90,80,34.22,13.54,2020-08-21,2020-10-25
703,ZL83,man38,54,78.03,23.34,2020-08-31,2020-10-20
704,IS90,man43,88,47.0,24.27,2020-08-18,2020-10-16
705,QI63,man38,5,64.43,20.85,2020-10-10,2020-10-31
706,BL12,man16,69,70.14,28.55,2020-08-31,2020-10-19
707,NK26,man17,63,67.07,25.44,2020-08-20,2020-11-10
708,GV61,man73,41,85.25,24.85,2020-09-28,2020-11-08
709,JP50,man48,66,89.54,25.71,2020-08-14,2020-10-30
710,KA92,man07,57,38.32,25.25,2020-08-21,2020-11-10
711,OH60,man94,13,82.87,14.33,2020-08-21,2020-11-01
712,PZ78,man09,80,81.24,17.08,2020-09-01,2020-10-31
713,DV36,man43,24,21.27,13.57,2020-10-05,2020-11-09
714,FG22,man38,73,93.16,14.42,2020-08-16,2020-10-14
715,QE47,man85,36,97.63,18.26,2020-10-09,2020-10-26
716,GT28,man38,83,90.18,12.32,2020-09-14,2020-10-21
717,NM20,man31,82,64.94,16.37,2020-09-23,2020-11-11
718,TS45,man62,27,35.25,19.08,2020-08-28,2020-10-14
719,LN80,man32,93,77.96,14.15,2020-09-15,2020-10-13
720,PY49,man00,7,91.84,16.93,2020-09-04,2020-10-14
721,KM02,man22,8,71.42,22.16,2020-08-31,2020-10-13
722,ZA90,man06,65,52.78,15.07,2020-09-18,2020-10-14
723,UM38,man15,80,49.48,26.76,2020-09-02,2020-10-22
724,TI01,man86,60,77.69,12.03,2020-10-02,2020-10-29
725,FO20,man59,54,47.81,11.65,2020-08-22,2020-10-23
726,NK15,man89,6,98.22,27.19,2020-10-02,2020-11-04
727,UA80,man72,96,81.28,17.68,2020-09-07,2020-11-01
728,ZI52,man79,75,79.41,21.76,2020-08-17,2020-10-20
729,XP80,man81,54,20.59,24.2,2020-09-01,2020-10-18
730,ZA13,man88,4,28.21,27.95,2020-10-07,2020-11-06
731,NT53,man62,3,57.47,25.55,2020-09-22,2020-11-06
732,MX47,man40,8,29.92,13.3,2020-10-08,2020-10-31
733,XY48,man68,58,98.8,14.99,2020-09-11,2020-11-08
734,XK50,man22,9,73.66,23.67,2020-09-28,2020-10-26
735,FM78,man27,52,89.92,29.82,2020-09-17,2020-10-22
736,BQ05,man39,84,48.47,14.57,2020-08-25,2020-11-09
737,VF82,man45,10,52.71,22.93,2020-10-06,2020-10-29
738,YU17,man56,24,32.28,21.07,2020-09-18,2020-11-10
739,DW20,man97,19,23.26,12.66,2020-10-05,2020-11-02
740,QO62,man86,22,79.28,10.86,2020-09-25,2020-10-31
741,XU13,man06,64,74.43,15.65,2020-10-08,2020-11-12
742,FR73,man88,73,27.3,28.46,2020-09-30,2020-11-12
743,IH50,man53,60,48.72,26.46,2020-08-19,2020-11-06
744,YS49,man25,77,61.54,11.39,2020-09-14,2020-11-02
745,DN35,man95,58,45.49,17.98,2020-09-15,2020-11-09
746,MI55,man48,83,55.51,11.35,2020-08-21,2020-11-04
747,LI29,man03,21,49.66,13.12,2020-09-02,2020-10-16
748,WJ25,man48,41,50.87,17.07,2020-09-26,2020-11-11
749,PC18,man85,78,53.82,17.41,2020-09-11,2020-11-09
750,VS06,man94,72,73.19,25.37,2020-10-12,2020-10-15
751,AZ46,man69,34,63.54,21.37,2020-10-01,2020-11-07
752,HX75,man65,25,45.79,15.01,2020-09-25,2020-10-27
753,DS44,man64,96,35.01,15.01,2020-09-26,2020-10-26
754,VL92,man19,54,22.6,23.28,2020-09-24,2020-11-07
755,BV86,man79,76,37.18,20.79,2020-08-19,2020-10-30
756,RZ60,man42,20,44.73,21.2,2020-09-26,2020-11-03
757,PY74,man72,52,79.62,25.62,2020-09-06,2020-10-27
758,MX59,man11,99,86.51,27.47,2020-09-09,2020-10-24
759,XI36,man99,19,27.43,15.74,2020-09-15,2020-10-14
760,AC51,man64,11,66.55,21.11,2020-09-19,2020-11-03
761,KR12,man90,34,33.47,13.23,2020-10-06,2020-10-24
762,YX17,man27,74,44.4,27.76,2020-09-04,2020-11-03
763,DE16,man73,71,47.05,22.32,2020-09-06,2020-10-19
764,AA29,man09,31,31.19,17.02,2020-10-02,2020-10-17
765,OC57,man39,49,75.89,21.01,2020-08-23,2020-11-07
766,AO51,man42,41,72.34,18.55,2020-08-14,2020-11-06
767,GX40,man86,36,40.11,21.12,2020-08-15,2020-10-18
768,UI49,man23,34,78.01,10.44,2020-09-16,2020-10-24
769,ES55,man34,7,55.42,29.89,2020-10-12,2020-11-08
770,SL30,man37,74,49.82,22.69,2020-09-03,2020-11-02
771,FL73,man75,68,30.77,13.33,2020-08-27,2020-11-12
772,GV47,man85,40,52.16,14.74,2020-09-29,2020-11-08
773,ZM42,man51,51,94.46,25.36,2020-08-30,2020-10-20
774,MV32,man01,58,61.05,18.54,2020-09-03,2020-10-31
775,GM69,man32,47,20.46,23.79,2020-09-27,2020-10-24
776,PF17,man24,32,51.27,28.79,2020-09-30,2020-11-08
777,QX32,man13,23,55.14,18.96,2020-09-13,2020-10-21
778,MJ14,man30,64,36.47,18.68,2020-09-27,2020-10-22
779,FE25,man89,19,63.95,10.51,2020-09-01,2020-11-09
780,ZG71,man38,41,68.08,27.42,2020-09-04,2020-11-06
781,JK26,man81,31,71.79,21.55,2020-09-19,2020-10-30
782,MF40,man28,34,26.6,16.21,2020-08-29,2020-11-01
783,DU30,man84,33,24.3,24.81,2020-10-04,2020-11-11
784,SW22,man00,34,65.99,26.44,2020-10-01,2020-11-12
785,GZ18,man52,100,49.78,11.14,2020-09-24,2020-10-22
786,WV33,man87,88,63.51,15.96,2020-10-02,2020-10-17
787,QN43,man06,74,43.34,19.36,2020-10-07,2020-11-01
788,CE74,man76,16,53.93,18.25,2020-09-30,2020-10-24
789,YL22,man26,52,32.56,17.0,2020-08-22,2020-10-19
790,ZJ65,man37,63,36.17,27.96,2020-09-30,2020-10-18
791,HT40,man35,50,99.95,14.99,2020-08-30,2020-11-06
792,QI09,man03,62,54.13,10.47,2020-08-27,2020-11-10
793,JB35,man54,47,79.53,25.56,2020-09-14,2020-11-11
794,VG81,man58,30,41.26,22.07,2020-10-10,2020-10-28
795,ZI85,man93,43,70.7,17.1,2020-09-14,2020-11-06
796,HO53,man55,91,51.33,15.24,2020-09-09,2020-11-04
797,MK51,man92,81,89.3,25.39,2020-09-25,2020-11-07
798,NA18,man78,67,79.97,10.21,2020-09-26,2020-11-02
799,FQ48,man06,13,34.87,22.17,2020-09-09,2020-10-26
800,BK03,man81,64,96.75,15.03,2020-08-15,2020-10-18
801,WV24,man94,17,24.75,15.93,2020-09-19,2020-11-03
802,AY01,man14,47,90.96,25.82,2020-09-17,2020-11-12
803,QQ95,man92,72,87.39,10.88,2020-09-27,2020-10-16
804,RC22,man02,89,84.89,29.52,2020-09-26,2020-11-08
805,IR14,man91,34,31.18,17.27,2020-09-06,2020-11-10
806,CJ46,man02,81,39.49,18.91,2020-09-15,2020-10-17
807,XH19,man94,90,58.99,16.13,2020-08-15,2020-10-31
808,JL43,man27,91,26.12,28.29,2020-10-12,2020-11-04
809,DT96,man82,26,63.34,10.07,2020-10-13,2020-10-14
810,QY46,man85,24,33.64,15.9,2020-08-31,2020-11-06
811,UB98,man17,50,91.59,28.75,2020-10-11,2020-10-21
812,ZH97,man21,14,24.7,21.63,2020-08-15,2020-10-31
813,KH40,man40,37,33.49,23.33,2020-10-01,2020-11-06
814,BG08,man04,94,40.22,10.61,2020-08-22,2020-10-22
815,BX14,man14,47,92.83,23.72,2020-09-02,2020-10-30
816,NQ62,man22,82,86.56,22.5,2020-10-12,2020-10-26
817,KX16,man27,22,57.5,12.92,2020-08-30,2020-10-30
818,JP19,man08,86,89.17,29.68,2020-08-25,2020-10-30
819,FD39,man65,30,47.3,17.11,2020-09-07,2020-10-27
820,DN45,man54,61,99.12,25.25,2020-08-20,2020-10-13
821,BH35,man95,80,58.46,20.45,2020-09-17,2020-10-31
822,WX06,man92,11,57.03,11.59,2020-09-09,2020-11-02
823,KY36,man76,4,60.84,27.04,2020-10-09,2020-11-09
824,BV60,man50,46,58.41,22.13,2020-09-20,2020-10-29
825,HK05,man57,26,48.89,26.08,2020-09-08,2020-11-05
826,NS46,man75,45,67.66,12.0,2020-09-15,2020-10-22
827,WZ68,man20,54,20.77,25.6,2020-09-15,2020-10-13
828,XX52,man51,65,96.34,20.78,2020-09-24,2020-10-31
829,AL48,man48,63,65.26,20.66,2020-09-21,2020-10-19
830,VP12,man86,44,44.54,19.91,2020-10-12,2020-10-24
831,AE24,man99,91,67.88,17.04,2020-09-21,2020-11-09
832,VD78,man05,89,56.13,10.87,2020-09-28,2020-11-01
833,CP94,man75,99,61.53,19.12,2020-08-16,2020-10-17
834,XI22,man20,28,52.04,25.92,2020-09-01,2020-10-17
835,VV68,man03,59,78.75,23.37,2020-09-28,2020-10-20
836,ZT22,man66,86,55.81,23.09,2020-09-17,2020-10-21
837,FE40,man77,61,25.24,24.33,2020-09-18,2020-11-05
838,DH92,man46,81,91.69,15.93,2020-09-10,2020-11-03
839,VD19,man93,53,70.72,26.98,2020-09-23,2020-11-01
840,KS50,man47,57,91.52,11.41,2020-10-09,2020-11-04
841,XT72,man40,35,71.33,26.3,2020-10-10,2020-11-01
842,JZ63,man30,15,85.73,23.91,2020-10-05,2020-10-13
843,VK11,man57,99,78.18,19.45,2020-09-30,2020-11-06
844,VN62,man83,16,49.8,18.97,2020-09-09,2020-10-20
845,UY43,man66,42,50.28,15.08,2020-09-17,2020-11-01
846,DG00,man84,52,53.14,18.77,2020-09-21,2020-10-13
847,ZR68,man78,93,69.11,11.94,2020-09-07,2020-10-15
848,VD97,man88,65,31.05,14.76,2020-10-04,2020-10-31
849,QQ91,man27,80,31.15,14.34,2020-08-21,2020-11-11
850,HE52,man25,69,78.46,17.45,2020-09-05,2020-10-14
851,LQ39,man16,98,31.98,29.24,2020-08-27,2020-10-21
852,TV33,man27,55,43.41,26.18,2020-08-17,2020-11-05
853,GR28,man75,76,89.31,18.89,2020-10-05,2020-11-04
854,KP27,man89,8,60.82,23.44,2020-08-22,2020-10-26
855,TK74,man46,15,62.9,29.34,2020-08-22,2020-10-25
856,VL22,man74,14,26.93,17.97,2020-09-26,2020-10-15
857,VJ51,man85,68,34.23,21.73,2020-10-08,2020-11-05
858,GA23,man57,28,32.44,21.26,2020-10-03,2020-11-12
859,BQ04,man55,40,49.5,25.97,2020-09-30,2020-11-09
860,UV09,man72,20,56.14,16.97,2020-09-20,2020-10-29
861,JE61,man62,9,91.41,17.81,2020-08-14,2020-10-19
862,MQ55,man78,72,43.4,19.14,2020-09-01,2020-11-07
863,YY83,man79,79,68.03,22.82,2020-09-01,2020-10-29
864,TL85,man62,75,73.88,12.08,2020-08-23,2020-11-06
865,NE55,man12,86,70.91,27.06,2020-10-06,2020-10-17
866,BO23,man80,10,69.7,25.75,2020-09-07,2020-10-22
867,MO02,man79,1,75.96,23.58,2020-10-13,2020-10-28
868,AW83,man95,17,39.11,21.46,2020-09-03,2020-10-21
869,CC48,man80,7,64.81,22.99,2020-08-19,2020-10-31
870,HM45,man78,52,28.78,19.16,2020-10-05,2020-10-30
871,DB83,man90,28,41.54,29.18,2020-09-26,2020-11-01
872,BS20,man00,77,94.5,29.89,2020-08-17,2020-11-03
873,HZ15,man51,73,74.11,25.51,2020-08-18,2020-10-24
874,DW45,man92,51,55.85,16.55,2020-10-12,2020-11-07
875,ZL70,man58,89,77.46,14.02,2020-08-16,2020-11-12
876,JO82,man33,2,94.59,27.86,2020-08-21,2020-10-25
877,FJ22,man94,82,40.11,26.74,2020-10-01,2020-10-21
878,QO36,man37,34,45.4,17.59,2020-09-05,2020-11-07
879,EH83,man02,16,32.72,28.07,2020-08-23,2020-10-20
880,FQ76,man99,15,43.83,25.44,2020-09-28,2020-11-10
881,RK32,man65,26,81.74,15.01,2020-10-08,2020-10-23
882,ZL08,man71,60,92.73,25.98,2020-09-23,2020-11-03
883,VE80,man33,63,73.71,22.08,2020-08-19,2020-11-09
884,SC73,man12,77,52.7,19.29,2020-08-25,2020-10-17
885,HJ39,man76,93,65.88,16.61,2020-10-13,2020-11-05
886,YU91,man75,74,79.35,14.42,2020-10-11,2020-10-26
887,NS56,man49,95,29.73,23.96,2020-09-06,2020-10-20
888,EE56,man62,96,57.03,20.33,2020-09-08,2020-10-18
889,EY87,man64,75,68.83,14.23,2020-08-29,2020-10-23
890,DN45,man36,63,77.77,16.67,2020-08-30,2020-11-09
891,VT43,man18,92,99.63,19.04,2020-10-05,2020-11-07
892,BY47,man04,64,37.25,10.6,2020-09-18,2020-10-30
893,ED63,man38,65,37.0,12.6,2020-10-04,2020-11-12
894,FF18,man70,44,69.21,19.17,2020-09-19,2020-10-17
895,GH35,man45,28,85.47,19.61,2020-10-03,2020-11-04
896,ID33,man59,55,97.12,21.89,2020-09-20,2020-10-27
897,PD90,man81,8,20.16,24.23,2020-08-23,2020-11-07
898,XT01,man76,8,28.48,22.97,2020-08-18,2020-10-24
899,QJ31,man15,91,34.65,20.35,2020-10-01,2020-10-13
900,CZ34,man20,68,60.97,28.48,2020-08-19,2020-10-16
901,ZH64,man93,63,54.62,12.67,2020-08-22,2020-10-29
902,BU39,man58,26,34.65,28.28,2020-08-28,2020-11-01
903,JE00,man87,69,63.22,21.64,2020-08-19,2020-10-28
904,IJ80,man20,7,24.98,20.8,2020-08-29,2020-11-02
905,FM46,man15,80,31.4,26.85,2020-08-26,2020-10-23
906,LH90,man89,14,70.38,24.51,2020-09-30,2020-10-30
907,EC32,man78,100,81.88,29.71,2020-09-17,2020-10-22
908,ZH94,man06,37,91.81,24.93,2020-10-12,2020-10-14
909,NZ90,man89,11,67.09,13.75,2020-09-25,2020-11-04
910,JK99,man75,8,82.57,13.74,2020-08-31,2020-10-17
911,RE26,man95,9,96.58,21.12,2020-10-05,2020-11-10
912,JG26,man97,78,73.69,11.26,2020-10-04,2020-10-29
913,AQ05,man34,96,23.41,15.51,2020-09-23,2020-10-20
914,EK17,man97,82,94.32,17.41,2020-08-18,2020-11-06
915,AK26,man58,65,90.38,20.45,2020-10-02,2020-10-26
916,UR02,man98,47,99.61,16.88,2020-10-07,2020-11-03
917,AY92,man97,16,83.23,27.63,2020-08-21,2020-11-09
918,BT83,man35,74,95.34,29.68,2020-09-10,2020-10-16
919,UR59,man27,47,90.82,25.13,2020-08-26,2020-10-24
920,RE11,man97,42,46.77,25.17,2020-08-24,2020-10-23
921,DF51,man64,21,91.91,10.51,2020-08-15,2020-10-19
922,GJ98,man41,17,42.6,27.16,2020-08-28,2020-10-14
923,ED40,man18,84,53.53,15.8,2020-10-03,2020-10-24
924,CQ69,man51,47,36.43,29.66,2020-10-04,2020-10-18
925,BQ81,man28,63,73.37,25.77,2020-09-26,2020-10-19
926,AI59,man88,33,31.83,27.07,2020-09-30,2020-11-05
927,XN13,man33,14,60.73,21.32,2020-08-18,2020-10-28
928,DJ93,man72,33,95.3,21.04,2020-09-08,2020-10-22
929,YF23,man55,23,31.62,24.26,2020-09-25,2020-10-14
930,VN83,man05,65,26.74,12.69,2020-09-28,2020-10-27
931,PA82,man60,9,35.73,29.11,2020-09-30,2020-11-04
932,RQ38,man09,24,87.58,15.52,2020-08-24,2020-11-11
933,BN47,man73,47,22.46,17.64,2020-10-02,2020-11-03
934,DH44,man30,55,67.18,14.04,2020-09-02,2020-10-26
935,PR92,man38,24,95.98,25.62,2020-08-18,2020-10-30
936,BQ34,man79,43,79.4,29.91,2020-09-18,2020-11-04
937,JY39,man09,7,40.28,27.75,2020-08-20,2020-10-23
938,US88,man52,34,58.77,19.51,2020-08-22,2020-10-30
939,TZ72,man07,86,63.67,22.11,2020-08-18,2020-10-21
940,LI00,man80,49,32.23,18.18,2020-09-14,2020-11-10
941,MT08,man81,93,88.91,12.98,2020-08-15,2020-10-15
942,NW97,man67,98,47.7,19.93,2020-08-17,2020-10-31
943,SQ64,man65,47,95.99,21.76,2020-08-25,2020-11-10
944,UN60,man55,93,80.77,28.08,2020-08-16,2020-11-01
945,IU71,man78,26,69.43,20.14,2020-10-12,2020-10-15
946,PW17,man45,88,59.36,27.88,2020-09-19,2020-10-27
947,IB09,man08,49,42.65,23.6,2020-08-27,2020-10-30
948,WF68,man72,37,29.64,28.3,2020-09-16,2020-10-23
949,GY27,man94,92,76.88,13.67,2020-10-05,2020-11-02
950,JS02,man85,70,45.37,13.25,2020-09-30,2020-10-13
951,EC38,man22,55,83.44,27.22,2020-08-19,2020-10-25
952,AD19,man53,90,53.61,13.49,2020-09-03,2020-11-04
953,VC80,man78,94,42.95,23.03,2020-09-04,2020-10-21
954,IE14,man76,96,56.8,28.85,2020-09-25,2020-11-09
955,EY28,man50,73,30.69,20.92,2020-08-23,2020-11-09
956,OK75,man53,83,63.71,24.12,2020-08-19,2020-11-05
957,YK04,man18,74,92.55,18.32,2020-08-30,2020-11-01
958,FC07,man59,68,48.3,12.33,2020-09-13,2020-10-19
959,PD10,man28,50,26.09,24.24,2020-10-11,2020-10-29
960,JM77,man65,38,65.29,18.48,2020-10-11,2020-11-12
961,NX57,man73,71,77.56,29.23,2020-09-09,2020-10-24
962,LS25,man25,57,46.45,25.76,2020-09-08,2020-10-14
963,UP82,man93,36,57.56,27.95,2020-09-16,2020-11-04
964,UG84,man72,13,55.19,12.91,2020-08-19,2020-11-07
965,HH56,man98,88,29.21,12.02,2020-09-27,2020-10-14
966,SB24,man28,3,38.04,21.15,2020-09-13,2020-10-19
967,JB78,man41,88,62.87,25.06,2020-09-07,2020-10-16
968,FC81,man41,48,49.47,12.83,2020-10-06,2020-11-07
969,QL02,man05,51,73.33,19.93,2020-09-03,2020-11-04
970,DQ30,man65,74,23.47,23.67,2020-10-11,2020-10-28
971,HZ02,man78,13,99.73,21.79,2020-08-22,2020-11-12
972,YE67,man27,94,35.19,25.04,2020-10-08,2020-10-31
973,MF99,man33,88,46.78,13.76,2020-09-22,2020-10-28
974,BN46,man07,62,96.31,26.77,2020-09-01,2020-10-14
975,JJ87,man77,76,69.79,21.85,2020-09-26,2020-10-19
976,QL76,man50,65,85.96,20.54,2020-09-30,2020-10-15
977,YF37,man81,81,60.33,15.47,2020-09-13,2020-11-12
978,SX60,man28,1,75.31,13.62,2020-08-14,2020-11-07
979,RT19,man14,65,25.13,27.18,2020-10-02,2020-11-07
980,EQ53,man97,30,82.86,27.27,2020-09-12,2020-10-18
981,ZA76,man02,74,83.24,19.4,2020-09-07,2020-10-27
982,WU20,man00,67,64.76,18.19,2020-09-17,2020-11-08
983,TA95,man80,25,70.42,16.39,2020-09-20,2020-10-30
984,DD34,man57,82,53.03,28.05,2020-10-03,2020-10-31
985,DQ07,man64,12,35.15,12.36,2020-09-28,2020-11-05
986,SU88,man99,59,30.21,21.73,2020-08-15,2020-11-12
987,FU18,man63,59,20.31,23.89,2020-09-16,2020-10-15
988,PM73,man73,76,36.2,28.7,2020-09-21,2020-11-11
989,KT75,man67,66,63.89,14.03,2020-10-11,2020-10-21
990,JG09,man23,68,94.82,23.0,2020-10-01,2020-10-28
991,FV10,man50,14,30.47,18.65,2020-09-19,2020-11-04
992,NZ14,man57,5,51.48,11.0,2020-08-16,2020-11-05
993,TY10,man24,48,79.32,18.87,2020-08-14,2020-11-02
994,MX11,man87,88,77.17,24.47,2020-10-05,2020-10-20
995,ZA25,man69,29,41.57,10.06,2020-08-30,2020-11-07
996,RH34,man25,39,42.1,24.29,2020-09-19,2020-10-31
997,TD30,man62,45,88.86,28.35,2020-09-27,2020-10-30
998,HI11,man44,6,60.15,12.86,2020-09-06,2020-10-19
999,RT12,man38,32,42.8,17.39,2020-10-11,2020-11-10
1000,AN52,man07,95,78.19,25.77,2020-09-09,2020-11-07

